{
    "skinWeights":[0.985385,0,0.536321,0,0.981978,0,0.476149,0,0.991803,0,0.840146,0,0.97696,0,0.138478,0,0.976961,0,0.138478,0,0.991803,0,0.840146,0,0.981978,0,0.476149,0,0.985385,0,0.536321,0],
    "uvs":[[0.800781,0.101562,0.800781,0.351562,0.707031,0.351562,0.707031,0.101562,0.632812,0.351562,0.632812,0.101562,0.96875,0.101562,0.96875,0.351562,0.875,0.351562,0.875,0.101562,0.804688,0.101562,0.804688,0.023438,0.898438,0.023438,0.898438,0.101562,0.714844,0.101562,0.714844,0.023438,0.792969,0.714844,0.792969,0.96875,0.699219,0.96875,0.699219,0.714844,0.625,0.96875,0.625,0.714844,0.527344,0.96875,0.527344,0.714844,0.867188,0.714844,0.867188,0.96875,0.875,0.890625,0.875,0.816406,0.96875,0.816406,0.96875,0.890625,0.875,0.96875,0.96875,0.96875]],
    "bones":[{
        "name":"Shoulder_L",
        "pos":[0,0.025724,0],
        "rotq":[-0,-0.707107,0,0.707107],
        "scl":[1,1,1],
        "parent":-1
    },{
        "name":"Arm_L",
        "pos":[0,-0,-1.0886],
        "rotq":[-0.5,0.5,0.5,0.5],
        "scl":[1,1,1],
        "parent":0
    },{
        "name":"Hand_L",
        "pos":[0,0,-1.39939],
        "rotq":[0,-0,0,1],
        "scl":[1,1,1],
        "parent":1
    },{
        "name":"Shoulder_R",
        "pos":[0,0.025724,0],
        "rotq":[-0,0.707107,-0,0.707107],
        "scl":[1,1,1],
        "parent":-1
    },{
        "name":"Arm_R",
        "pos":[-0,-0,-1.0886],
        "rotq":[-0.5,-0.5,-0.5,0.5],
        "scl":[1,1,1],
        "parent":3
    },{
        "name":"Hand_R",
        "pos":[-0,0,-1.39939],
        "rotq":[0,0,-0,1],
        "scl":[1,1,1],
        "parent":4
    }],
    "normals":[-1,0,0,0,-0,-1,1,0,0,0,0,1,0,-1,0,0,1,-0,0,-0,-1,0,0,1,0,-1,-0,0,1,-0],
    "skinIndices":[4,0,4,0,4,0,4,0,4,0,4,0,4,0,4,0,1,0,1,0,1,0,1,0,1,0,1,0,1,0,1,0],
    "metadata":{
        "uvs":1,
        "bones":6,
        "normals":10,
        "version":3,
        "generator":"io_three",
        "materials":1,
        "type":"Geometry",
        "faces":12,
        "vertices":16
    },
    "animations":[{
        "name":"Idle",
        "fps":24,
        "length":0.041667,
        "hierarchy":[{
            "keys":[{
                "pos":[0,0.025724,0],
                "time":0.041667,
                "rot":[-0,-0.707107,0,0.707107],
                "scl":[1,1,1]
            }],
            "parent":-1
        },{
            "keys":[{
                "pos":[0,-0,-1.0886],
                "time":0.041667,
                "rot":[-0.5,0.5,0.5,0.5],
                "scl":[1,1,1]
            }],
            "parent":0
        },{
            "keys":[{
                "pos":[0,0,-1.39939],
                "time":0.041667,
                "rot":[0,-0,0,1],
                "scl":[1,1,1]
            }],
            "parent":1
        },{
            "keys":[{
                "pos":[0,0.025724,0],
                "time":0.041667,
                "rot":[-0,0.707107,-0,0.707107],
                "scl":[1,1,1]
            }],
            "parent":2
        },{
            "keys":[{
                "pos":[-0,-0,-1.0886],
                "time":0.041667,
                "rot":[-0.5,-0.5,-0.5,0.5],
                "scl":[1,1,1]
            }],
            "parent":3
        },{
            "keys":[{
                "pos":[-0,0,-1.39939],
                "time":0.041667,
                "rot":[0,0,-0,1],
                "scl":[1,1,1]
            }],
            "parent":4
        }]
    },{
        "name":"Punch",
        "fps":24,
        "length":0.583333,
        "hierarchy":[{
            "keys":[{
                "pos":[0,0.025724,0],
                "time":0,
                "rot":[-0,-0.965036,0,0.262119],
                "scl":[1,1,1]
            },{
                "pos":[0,0.025724,0],
                "time":0.166667,
                "rot":[-0,-0.799634,0,0.600488],
                "scl":[1,1,1]
            },{
                "pos":[0,0.025724,0],
                "time":0.333333,
                "rot":[-0,-0.64255,0,0.766244],
                "scl":[1,1,1]
            },{
                "pos":[0,0.025724,0],
                "time":0.583333,
                "rot":[-0,-0.707107,0,0.707107],
                "scl":[1,1,1]
            }],
            "parent":-1
        },{
            "keys":[{
                "pos":[0,0,-1.0886],
                "time":0,
                "rot":[-0.003918,0.950941,-0.001275,0.309345],
                "scl":[1,1,1]
            },{
                "pos":[0,-0,-1.0886],
                "time":0.166667,
                "rot":[0.012658,0.807704,-0.018546,0.58916],
                "scl":[1,1,1]
            },{
                "pos":[0,0,-1.0886],
                "time":0.333333,
                "rot":[-0.035777,0.675314,0.030234,0.736041],
                "scl":[1,1,1]
            },{
                "pos":[0,-0,-1.0886],
                "time":0.583333,
                "rot":[-0.5,0.5,0.5,0.5],
                "scl":[1,1,1]
            }],
            "parent":0
        },{
            "keys":[{
                "pos":[-0,-0,-1.39939],
                "time":0,
                "rot":[0,0,0,1],
                "scl":[1,1,1]
            },{
                "pos":[-0,-0,-1.39939],
                "time":0.166667,
                "rot":[-0,0,0,1],
                "scl":[1,1,1]
            },{
                "pos":[0,-0,-1.39939],
                "time":0.333333,
                "rot":[-0,-0,0,1],
                "scl":[1,1,1]
            },{
                "pos":[0,0,-1.39939],
                "time":0.583333,
                "rot":[0,-0,0,1],
                "scl":[1,1,1]
            }],
            "parent":1
        },{
            "keys":[{
                "pos":[0,0.025724,0],
                "time":0,
                "rot":[-0,0.707107,-0,0.707107],
                "scl":[1,1,1]
            },{
                "pos":[0,0.025724,0],
                "time":0.166667,
                "rot":[-0,0.707107,-0,0.707107],
                "scl":[1,1,1]
            },{
                "pos":[0,0.025724,0],
                "time":0.333333,
                "rot":[-0,0.707107,-0,0.707107],
                "scl":[1,1,1]
            },{
                "pos":[0,0.025724,0],
                "time":0.583333,
                "rot":[-0,0.707107,-0,0.707107],
                "scl":[1,1,1]
            }],
            "parent":2
        },{
            "keys":[{
                "pos":[-0,-0,-1.0886],
                "time":0,
                "rot":[-0.5,-0.5,-0.5,0.5],
                "scl":[1,1,1]
            },{
                "pos":[-0,-0,-1.0886],
                "time":0.166667,
                "rot":[-0.5,-0.5,-0.5,0.5],
                "scl":[1,1,1]
            },{
                "pos":[-0,-0,-1.0886],
                "time":0.333333,
                "rot":[-0.5,-0.5,-0.5,0.5],
                "scl":[1,1,1]
            },{
                "pos":[-0,-0,-1.0886],
                "time":0.583333,
                "rot":[-0.5,-0.5,-0.5,0.5],
                "scl":[1,1,1]
            }],
            "parent":3
        },{
            "keys":[{
                "pos":[-0,0,-1.39939],
                "time":0,
                "rot":[0,0,-0,1],
                "scl":[1,1,1]
            },{
                "pos":[-0,0,-1.39939],
                "time":0.166667,
                "rot":[0,0,-0,1],
                "scl":[1,1,1]
            },{
                "pos":[-0,0,-1.39939],
                "time":0.333333,
                "rot":[0,0,-0,1],
                "scl":[1,1,1]
            },{
                "pos":[-0,0,-1.39939],
                "time":0.583333,
                "rot":[0,0,-0,1],
                "scl":[1,1,1]
            }],
            "parent":4
        }]
    },{
        "name":"Run",
        "fps":24,
        "length":0.041667,
        "hierarchy":[{
            "keys":[{
                "pos":[0,0.025724,0],
                "time":0.041667,
                "rot":[-0,-0.965036,0,0.262119],
                "scl":[1,1,1]
            }],
            "parent":-1
        },{
            "keys":[{
                "pos":[0,0,-1.0886],
                "time":0.041667,
                "rot":[-0.003918,0.950941,-0.001275,0.309345],
                "scl":[1,1,1]
            }],
            "parent":0
        },{
            "keys":[{
                "pos":[-0,-0,-1.39939],
                "time":0.041667,
                "rot":[0,0,0,1],
                "scl":[1,1,1]
            }],
            "parent":1
        },{
            "keys":[{
                "pos":[0,0.025724,0],
                "time":0.041667,
                "rot":[-0,0.707107,-0,0.707107],
                "scl":[1,1,1]
            }],
            "parent":2
        },{
            "keys":[{
                "pos":[-0,-0,-1.0886],
                "time":0.041667,
                "rot":[-0.5,-0.5,-0.5,0.5],
                "scl":[1,1,1]
            }],
            "parent":3
        },{
            "keys":[{
                "pos":[-0,0,-1.39939],
                "time":0.041667,
                "rot":[0,0,-0,1],
                "scl":[1,1,1]
            }],
            "parent":4
        }]
    },{
        "name":"Run.001",
        "fps":24,
        "length":0.041667,
        "hierarchy":[{
            "keys":[{
                "pos":[0,0.025724,0],
                "time":0.041667,
                "rot":[-0,-0.965036,0,0.262119],
                "scl":[1,1,1]
            }],
            "parent":-1
        },{
            "keys":[{
                "pos":[0,0,-1.0886],
                "time":0.041667,
                "rot":[-0.003918,0.950941,-0.001275,0.309345],
                "scl":[1,1,1]
            }],
            "parent":0
        },{
            "keys":[{
                "pos":[-0,-0,-1.39939],
                "time":0.041667,
                "rot":[0,0,0,1],
                "scl":[1,1,1]
            }],
            "parent":1
        },{
            "keys":[{
                "pos":[0,0.025724,0],
                "time":0.041667,
                "rot":[-0,0.707107,-0,0.707107],
                "scl":[1,1,1]
            }],
            "parent":2
        },{
            "keys":[{
                "pos":[-0,-0,-1.0886],
                "time":0.041667,
                "rot":[-0.5,-0.5,-0.5,0.5],
                "scl":[1,1,1]
            }],
            "parent":3
        },{
            "keys":[{
                "pos":[-0,0,-1.39939],
                "time":0.041667,
                "rot":[0,0,-0,1],
                "scl":[1,1,1]
            }],
            "parent":4
        }]
    }],
    "influencesPerVertex":2,
    "materials":[{
        "shading":"phong",
        "DbgColor":15658734,
        "colorDiffuse":[0.64,0.64,0.64],
        "DbgIndex":0,
        "doubleSided":false,
        "mapDiffuseWrap":["repeat","repeat"],
        "blending":1,
        "mapDiffuseAnisotropy":1,
        "depthTest":true,
        "visible":true,
        "wireframe":false,
        "colorSpecular":[0.5,0.5,0.5],
        "depthWrite":true,
        "opacity":1,
        "colorEmissive":[0,0,0],
        "specularCoef":50,
        "transparent":false,
        "mapDiffuse":"Character.png",
        "DbgName":"Material.001",
        "mapDiffuseRepeat":[1,1]
    }],
    "faces":[43,0,1,3,2,0,0,1,2,3,0,0,0,0,43,2,3,7,6,0,3,2,4,5,1,1,1,1,43,6,7,5,4,0,6,7,8,9,2,2,2,2,43,1,0,4,5,0,1,0,9,8,3,3,3,3,43,4,0,2,6,0,12,13,10,11,4,4,4,4,43,7,3,1,5,0,14,15,11,10,5,5,5,5,43,8,9,11,10,0,16,17,18,19,0,0,0,0,43,10,11,15,14,0,19,18,20,21,6,6,6,6,43,14,15,13,12,0,21,20,22,23,2,2,2,2,43,12,13,9,8,0,24,25,17,16,7,7,7,7,43,10,14,12,8,0,26,27,28,29,8,8,8,8,43,15,11,9,13,0,30,26,29,31,9,9,9,9],
    "vertices":[-1.44,-1.94632,0.400001,-1.44,0.213678,0.4,-1.44,-1.94632,-0.399999,-1.44,0.213678,-0.4,-0.8,-1.94632,0.400001,-0.8,0.213678,0.4,-0.8,-1.94632,-0.399999,-0.8,0.213678,-0.4,0.8,-1.94632,0.400001,0.8,0.213678,0.4,0.8,-1.94632,-0.399999,0.8,0.213678,-0.4,1.44,-1.94632,0.400001,1.44,0.213678,0.4,1.44,-1.94632,-0.399999,1.44,0.213678,-0.4]
}