{
    "normals":[-0.995111,-0.02247,-0.096172,0.008201,0.951613,-0.307188,0.995111,0.02247,0.096172,-0.0082,-0.951614,0.307188,0.098421,-0.306475,-0.946777,-0.098421,0.306475,0.946777],
    "influencesPerVertex":2,
    "faces":[43,0,1,3,2,0,0,1,2,3,0,0,0,0,43,2,3,7,6,0,3,2,4,5,1,1,1,1,43,6,7,5,4,0,5,4,6,7,2,2,2,2,43,1,0,4,5,0,1,0,8,9,3,3,3,3,43,4,0,2,6,0,12,13,10,11,4,4,4,4,43,7,3,1,5,0,14,10,13,15,5,5,5,5],
    "skinWeights":[0.976961,0,0.138478,0,0.991803,0,0.840146,0,0.981978,0,0.476149,0,0.985385,0,0.536321,0],
    "vertices":[0.454353,-1.00385,-0.832955,0.241764,-0.34186,1.21208,0.460914,-0.242555,-1.07871,0.248325,0.41943,0.966332,1.09122,-0.989465,-0.771406,0.878635,-0.32748,1.27363,1.09778,-0.228174,-1.01716,0.885196,0.433811,1.02788],
    "animations":[{
        "fps":24,
        "name":"Idle",
        "hierarchy":[{
            "keys":[{
                "rot":[-0,-0.965036,0,0.262119],
                "pos":[0,-0.012333,0],
                "time":0.041667,
                "scl":[1,1,1]
            }],
            "parent":-1
        },{
            "keys":[{
                "rot":[-0.225659,0.670133,0.225659,0.670133],
                "pos":[0,-0,-1.0886],
                "time":0.041667,
                "scl":[1,1,1]
            }],
            "parent":0
        },{
            "keys":[{
                "rot":[0,-0,0,1],
                "pos":[-0,0,-1.67841],
                "time":0.041667,
                "scl":[1,1,1]
            }],
            "parent":1
        }],
        "length":0.041667
    },{
        "fps":24,
        "name":"Punch",
        "hierarchy":[{
            "keys":[{
                "rot":[-0,-0.965036,0,0.262119],
                "pos":[0,-0.012333,0],
                "time":0,
                "scl":[1,1,1]
            },{
                "rot":[-0,-0.675077,0,0.737747],
                "pos":[0,-0.012333,0],
                "time":0.166667,
                "scl":[1,1,1]
            },{
                "rot":[-0,-0.40918,0,0.912453],
                "pos":[0,-0.012333,0],
                "time":0.333333,
                "scl":[1,1,1]
            },{
                "rot":[-0,-0.707107,0,0.707107],
                "pos":[0,-0.012333,0],
                "time":0.583333,
                "scl":[1,1,1]
            }],
            "parent":-1
        },{
            "keys":[{
                "rot":[-0.003918,0.950941,-0.001275,0.309345],
                "pos":[0,-0,-1.0886],
                "time":0,
                "scl":[1,1,1]
            },{
                "rot":[0.006187,0.692823,-0.012087,0.720979],
                "pos":[-0,-0,-1.0886],
                "time":0.166667,
                "scl":[1,1,1]
            },{
                "rot":[-0.030406,0.461662,0.025088,0.88618],
                "pos":[0,0,-1.0886],
                "time":0.333333,
                "scl":[1,1,1]
            },{
                "rot":[-0.5,0.5,0.5,0.5],
                "pos":[-0,-0,-1.0886],
                "time":0.583333,
                "scl":[1,1,1]
            }],
            "parent":0
        },{
            "keys":[{
                "rot":[0,0,0,1],
                "pos":[0,0,-1.67841],
                "time":0,
                "scl":[1,1,1]
            },{
                "rot":[0,0,0,1],
                "pos":[-0,0,-1.67841],
                "time":0.166667,
                "scl":[1,1,1]
            },{
                "rot":[0,0,0,1],
                "pos":[0,-0,-1.67841],
                "time":0.333333,
                "scl":[1,1,1]
            },{
                "rot":[0,-0,0,1],
                "pos":[0,0,-1.67841],
                "time":0.583333,
                "scl":[1,1,1]
            }],
            "parent":1
        }],
        "length":0.583333
    },{
        "fps":24,
        "name":"Run",
        "hierarchy":[{
            "keys":[{
                "rot":[-0,-0.965036,0,0.262119],
                "pos":[0,-0.012333,0],
                "time":0.041667,
                "scl":[1,1,1]
            }],
            "parent":-1
        },{
            "keys":[{
                "rot":[-0.003918,0.950941,-0.001275,0.309345],
                "pos":[0,-0,-1.0886],
                "time":0.041667,
                "scl":[1,1,1]
            }],
            "parent":0
        },{
            "keys":[{
                "rot":[0,0,0,1],
                "pos":[0,0,-1.67841],
                "time":0.041667,
                "scl":[1,1,1]
            }],
            "parent":1
        }],
        "length":0.041667
    },{
        "fps":24,
        "name":"WeaponAttack",
        "hierarchy":[{
            "keys":[{
                "rot":[-0,-0.965036,0,0.262119],
                "pos":[0,-0.012333,0],
                "time":0,
                "scl":[1,1,1]
            },{
                "rot":[-0,-0.594849,0,0.803838],
                "pos":[0,-0.012333,0],
                "time":0.166667,
                "scl":[1,1,1]
            },{
                "rot":[-0,-0.468705,0,0.883355],
                "pos":[0,-0.012333,0],
                "time":0.333333,
                "scl":[1,1,1]
            },{
                "rot":[-0,-0.707107,0,0.707107],
                "pos":[0,-0.012333,0],
                "time":0.583333,
                "scl":[1,1,1]
            }],
            "parent":-1
        },{
            "keys":[{
                "rot":[-0.03727,0.939177,0.15101,0.30619],
                "pos":[0,-0,-1.0886],
                "time":0,
                "scl":[1,1,1]
            },{
                "rot":[-0.108515,0.609694,0.098096,0.779022],
                "pos":[0,-0,-1.0886],
                "time":0.166667,
                "scl":[1,1,1]
            },{
                "rot":[-0.222821,0.466753,0.178546,0.837027],
                "pos":[-0,-0,-1.0886],
                "time":0.333333,
                "scl":[1,1,1]
            },{
                "rot":[-0.651386,0.27513,0.651386,0.27513],
                "pos":[-0,-0,-1.0886],
                "time":0.583333,
                "scl":[1,1,1]
            }],
            "parent":0
        },{
            "keys":[{
                "rot":[0,-0,0,1],
                "pos":[-0,0,-1.67841],
                "time":0,
                "scl":[1,1,1]
            },{
                "rot":[0,0,0,1],
                "pos":[0,0,-1.67841],
                "time":0.166667,
                "scl":[1,1,1]
            },{
                "rot":[0,-0,0,1],
                "pos":[-0,0,-1.67841],
                "time":0.333333,
                "scl":[1,1,1]
            },{
                "rot":[0,-0,0,1],
                "pos":[-0,0,-1.67841],
                "time":0.583333,
                "scl":[1,1,1]
            }],
            "parent":1
        }],
        "length":0.583333
    }],
    "skinIndices":[1,0,1,0,1,0,1,0,1,0,1,0,1,0,1,0],
    "metadata":{
        "normals":6,
        "faces":6,
        "vertices":8,
        "version":3,
        "materials":1,
        "uvs":1,
        "type":"Geometry",
        "generator":"io_three",
        "bones":3
    },
    "materials":[{
        "colorEmissive":[0,0,0],
        "colorDiffuse":[0.64,0.64,0.64],
        "specularCoef":50,
        "mapDiffuseRepeat":[1,1],
        "DbgName":"Material.001",
        "mapDiffuseWrap":["repeat","repeat"],
        "mapDiffuseAnisotropy":1,
        "blending":1,
        "DbgColor":15658734,
        "doubleSided":false,
        "wireframe":false,
        "opacity":1,
        "DbgIndex":0,
        "depthTest":true,
        "visible":true,
        "transparent":false,
        "colorSpecular":[0.5,0.5,0.5],
        "depthWrite":true,
        "shading":"phong",
        "mapDiffuse":"Character.png"
    }],
    "uvs":[[0.792969,0.714844,0.792969,0.96875,0.699219,0.96875,0.699219,0.714844,0.625,0.96875,0.625,0.714844,0.527344,0.96875,0.527344,0.714844,0.867188,0.714844,0.867188,0.96875,0.875,0.890625,0.875,0.816406,0.96875,0.816406,0.96875,0.890625,0.875,0.96875,0.96875,0.96875]],
    "bones":[{
        "rotq":[-0,-0.707107,0,0.707107],
        "scl":[1,1,1],
        "pos":[0,-0.012333,0],
        "name":"Shoulder_R",
        "parent":-1
    },{
        "rotq":[-0.5,0.5,0.5,0.5],
        "scl":[1,1,1],
        "pos":[-0,-0,-1.0886],
        "name":"Arm_R",
        "parent":0
    },{
        "rotq":[0,-0,0,1],
        "scl":[1,1,1],
        "pos":[0,0,-1.67841],
        "name":"Hand_R",
        "parent":1
    }]
}