{
    "vertices":[-0.4,2.69017e-06,7,-0.4,8,7,-0.4,2.07821e-06,-7,-0.4,8,-7,0.4,2.69017e-06,7,0.4,8,7,0.4,2.07821e-06,-7,0.4,8,-7],
    "normals":[-1,0,0,0,-5.96046e-08,-1,1,0,0,0,5.96047e-08,1,0,-1,4.37114e-08,0,1,0],
    "metadata":{
        "generator":"io_three",
        "normals":6,
        "faces":6,
        "uvs":1,
        "vertices":8,
        "version":3,
        "type":"Geometry",
        "materials":1
    },
    "faces":[43,0,1,3,2,0,0,1,2,3,0,0,0,0,43,2,3,7,6,0,0,1,2,3,1,1,1,1,43,6,7,5,4,0,0,1,2,3,2,2,2,2,43,1,0,4,5,0,2,3,0,1,3,3,3,3,43,4,0,2,6,0,2,3,0,1,4,4,4,4,43,7,3,1,5,0,0,1,2,3,5,5,5,5],
    "materials":[{
        "DbgIndex":0,
        "transparent":false,
        "specularCoef":50,
        "mapDiffuse":"Wall.png",
        "shading":"phong",
        "wireframe":false,
        "depthWrite":true,
        "mapDiffuseRepeat":[1,1],
        "depthTest":true,
        "colorSpecular":[0.5,0.5,0.5],
        "visible":true,
        "colorEmissive":[0,0,0],
        "opacity":1,
        "DbgColor":15658734,
        "mapDiffuseWrap":["repeat","repeat"],
        "blending":1,
        "colorDiffuse":[0.64,0.64,0.64],
        "doubleSided":false,
        "DbgName":"Material.001",
        "mapDiffuseAnisotropy":1
    }],
    "uvs":[[0,0,1,0,1,1,0,1]]
}